{
  "BTC":0.29751, 
  "BCH":1.80237,
  "ETH":6.45911,
  "DASH":1.70867,
  "EOS":80.45374
}